date,hightemp,lowtemp,injured
2017-01-01,6.9,-1.6,127
2017-01-02,9.2,1.8,140
2017-01-03,7.7,-2.3,119
2017-01-04,8.9,1.0,164
2017-01-05,7.3,-0.1,154
2017-01-06,11.4,2.5,135
2017-01-07,10.5,0.0,169
2017-01-08,10.9,4.0,114
2017-01-09,4.3,-3.1,108
2017-01-10,1.1,-7.4,145
2017-01-11,1.5,-9.4,187
2017-01-12,1.0,-6.1,164
2017-01-13,-1.4,-8.6,173
2017-01-14,-5.4,-10.5,179
2017-01-15,-0.9,-11.5,173
2017-01-16,4.0,-8.9,186
2017-01-17,3.4,-7.1,116
2017-01-18,2.8,-3.0,156
2017-01-19,4.7,-4.9,127
2017-01-20,-1.4,-7.8,96
2017-01-21,-0.9,-10.0,170
2017-01-22,-3.3,-10.9,139
2017-01-23,-4.1,-12.6,216
2017-01-24,-1.3,-11.6,252
2017-01-25,0.9,-10.2,247
2017-01-26,3.4,-7.9,223
2017-01-27,3.1,-5.7,101
2017-01-28,4.3,-8.2,101
2017-01-29,2.5,-0.9,117
2017-01-30,-0.9,-7.9,110
2017-01-31,0.2,-9.9,117
2017-02-01,0.7,-7.5,97
2017-02-02,3.3,-9.2,114
2017-02-03,6.7,-2.3,158
2017-02-04,3.2,-2.9,135
2017-02-05,2.3,-1.5,126
2017-02-06,2.6,-4.4,129
2017-02-07,3.0,-5.6,112
2017-02-08,0.6,-4.9,148
2017-02-09,-2.1,-7.1,134
2017-02-10,-2.5,-9.3,150
2017-02-11,0.8,-9.2,153
2017-02-12,4.2,-7.4,147
2017-02-13,6.1,-5.4,170
2017-02-14,6.5,-4.0,118
2017-02-15,8.0,-3.9,127
2017-02-16,10.3,-1.9,119
2017-02-17,9.0,-5.2,171
2017-02-18,2.9,-7.0,217
2017-02-19,5.7,-3.4,120
2017-02-20,5.4,-5.2,148
2017-02-21,6.9,-7.6,120
2017-02-22,2.9,-0.9,132
2017-02-23,2.1,-4.2,143
2017-02-24,4.4,-5.8,138
2017-02-25,8.4,-2.8,200
2017-02-26,10.1,-1.5,123
2017-02-27,10.7,-1.8,127
2017-02-28,12.3,-1.3,133
2017-03-01,11.4,2.0,167
2017-03-02,6.6,-1.1,116
2017-03-03,10.4,-3.1,139
2017-03-04,12.7,0.1,170
2017-03-05,10.4,1.2,134
2017-03-06,4.0,-2.8,131
2017-03-07,2.9,-4.0,122
2017-03-08,5.0,-5.3,158
2017-03-09,10.7,-2.7,115
2017-03-10,12.2,-1.2,161
2017-03-11,16.7,-0.2,156
2017-03-12,14.0,4.4,115
2017-03-13,12.2,1.5,148
2017-03-14,10.9,1.0,126
2017-03-15,13.3,0.4,165
2017-03-16,13.4,1.0,117
2017-03-17,15.7,1.2,136
2017-03-18,16.1,5.9,151
2017-03-19,18.9,3.2,104
2017-03-20,15.5,6.0,126
2017-03-21,12.6,4.3,126
2017-03-22,14.1,1.9,145
2017-03-23,15.0,5.1,149
2017-03-24,15.2,3.9,158
2017-03-25,12.6,5.0,123
2017-03-26,11.6,4.8,109
2017-03-27,10.9,4.4,139
2017-03-28,12.7,2.5,136
2017-03-29,14.4,4.7,153
2017-03-30,17.1,4.1,130
2017-03-31,12.4,4.9,145
2017-04-01,15.1,4.8,159
2017-04-02,15.8,3.1,131
2017-04-03,19.2,4.3,114
2017-04-04,21.8,6.7,114
2017-04-05,14.2,10.8,167
2017-04-06,12.4,9.4,148
2017-04-07,23.5,9.0,155
2017-04-08,19.9,8.6,213
2017-04-09,20.5,10.6,142
2017-04-10,23.3,10.1,132
2017-04-11,20.2,11.5,177
2017-04-12,16.4,8.8,141
2017-04-13,19.6,6.3,125
2017-04-14,17.7,10.1,123
2017-04-15,24.3,10.9,164
2017-04-16,24.4,12.9,130
2017-04-17,18.0,11.2,118
2017-04-18,17.4,9.4,157
2017-04-19,18.4,7.0,158
2017-04-20,18.2,9.9,135
2017-04-21,19.3,7.6,156
2017-04-22,22.5,8.5,174
2017-04-23,21.7,8.9,159
2017-04-24,21.3,8.3,150
2017-04-25,20.4,12.9,120
2017-04-26,20.2,10.5,157
2017-04-27,19.8,7.9,147
2017-04-28,21.5,8.9,150
2017-04-29,23.7,9.6,151
2017-04-30,27.8,13.7,127
2017-05-01,28.3,12.8,119
2017-05-02,28.0,15.2,142
2017-05-03,30.2,14.5,136
2017-05-04,27.5,14.8,153
2017-05-05,27.0,15.5,104
2017-05-06,19.3,10.0,140
2017-05-07,22.8,10.9,128
2017-05-08,23.5,11.1,142
2017-05-09,22.6,15.3,126
2017-05-10,20.8,14.2,135
2017-05-11,24.8,13.1,124
2017-05-12,21.1,16.8,137
2017-05-13,22.6,12.4,150
2017-05-14,20.7,11.0,113
2017-05-15,20.1,12.3,139
2017-05-16,22.3,13.3,143
2017-05-17,25.9,12.3,135
2017-05-18,26.9,13.9,153
2017-05-19,27.9,15.1,204
2017-05-20,27.3,15.4,191
2017-05-21,27.6,16.0,170
2017-05-22,28.0,15.9,133
2017-05-23,24.4,17.2,194
2017-05-24,27.8,16.9,169
2017-05-25,24.4,14.4,131
2017-05-26,23.2,12.4,197
2017-05-27,26.4,13.7,199
2017-05-28,27.9,14.4,145
2017-05-29,29.3,18.1,134
2017-05-30,30.3,18.6,155
2017-05-31,29.6,17.7,125
2017-06-01,27.0,20.0,141
2017-06-02,25.6,15.5,147
2017-06-03,26.5,16.1,165
2017-06-04,28.1,15.1,141
2017-06-05,30.3,16.4,137
2017-06-06,23.9,14.5,137
2017-06-07,19.2,15.1,143
2017-06-08,25.9,15.1,153
2017-06-09,25.7,17.9,146
2017-06-10,27.5,16.7,151
2017-06-11,29.6,14.8,132
2017-06-12,28.0,17.0,127
2017-06-13,25.9,18.3,167
2017-06-14,26.8,17.8,161
2017-06-15,29.6,18.0,144
2017-06-16,32.7,20.0,149
2017-06-17,29.9,20.6,206
2017-06-18,31.8,18.6,122
2017-06-19,30.2,19.5,129
2017-06-20,32.7,20.0,125
2017-06-21,31.6,21.7,137
2017-06-22,30.4,21.2,153
2017-06-23,34.1,21.3,185
2017-06-24,27.8,21.5,197
2017-06-25,28.4,21.0,99
2017-06-26,29.9,20.1,151
2017-06-27,30.5,20.8,178
2017-06-28,30.5,22.5,145
2017-06-29,31.5,21.9,130
2017-06-30,30.9,22.2,152
2017-07-01,30.7,22.4,169
2017-07-02,26.8,21.9,148
2017-07-03,27.4,21.9,142
2017-07-04,31.6,23.8,124
2017-07-05,32.6,23.3,150
2017-07-06,34.6,23.9,141
2017-07-07,28.4,24.4,149
2017-07-08,27.6,24.6,155
2017-07-09,30.3,23.8,165
2017-07-10,25.4,22.6,152
2017-07-11,30.9,22.2,165
2017-07-12,31.1,24.9,157
2017-07-13,32.1,23.1,182
2017-07-14,33.0,26.1,145
2017-07-15,27.3,23.4,158
2017-07-16,28.8,23.4,126
2017-07-17,29.0,24.0,145
2017-07-18,30.7,23.9,123
2017-07-19,34.1,24.5,136
2017-07-20,34.9,26.0,142
2017-07-21,32.4,27.3,152
2017-07-22,32.5,27.5,177
2017-07-23,28.1,26.1,150
2017-07-24,27.3,25.6,136
2017-07-25,35.4,24.6,155
2017-07-26,32.8,24.2,176
2017-07-27,29.7,24.9,138
2017-07-28,26.9,24.8,161
2017-07-29,30.1,25.0,143
2017-07-30,32.6,24.7,125
2017-07-31,27.1,24.8,121
2017-08-01,33.0,24.1,142
2017-08-02,33.0,26.6,152
2017-08-03,33.9,27.2,150
2017-08-04,35.3,25.9,151
2017-08-05,34.8,27.6,150
2017-08-06,34.0,28.2,116
2017-08-07,34.4,26.4,152
2017-08-08,31.0,25.5,133
2017-08-09,32.0,24.6,173
2017-08-10,26.3,23.9,167
2017-08-11,32.4,23.9,158
2017-08-12,32.6,23.2,162
2017-08-13,28.4,24.2,120
2017-08-14,27.1,23.1,156
2017-08-15,24.0,20.8,147
2017-08-16,26.8,20.5,131
2017-08-17,27.7,21.2,133
2017-08-18,30.6,23.9,119
2017-08-19,28.7,23.1,170
2017-08-20,25.8,22.0,137
2017-08-21,29.2,23.7,154
2017-08-22,31.5,23.4,139
2017-08-23,30.2,24.6,151
2017-08-24,28.1,23.9,162
2017-08-25,30.6,22.2,170
2017-08-26,29.2,19.0,207
2017-08-27,26.7,19.0,119
2017-08-28,26.5,18.3,153
2017-08-29,24.0,17.0,134
2017-08-30,23.9,16.1,162
2017-08-31,27.6,16.6,133
2017-09-01,29.7,17.1,172
2017-09-02,29.6,18.6,192
2017-09-03,29.2,19.0,115
2017-09-04,30.1,19.7,129
2017-09-05,23.7,20.4,139
2017-09-06,24.0,18.5,178
2017-09-07,27.5,17.8,138
2017-09-08,29.9,20.4,166
2017-09-09,28.2,19.2,166
2017-09-10,26.1,19.9,127
2017-09-11,24.6,18.6,132
2017-09-12,27.9,17.7,142
2017-09-13,27.5,15.9,159
2017-09-14,29.5,14.8,169
2017-09-15,27.9,17.8,149
2017-09-16,27.6,16.7,175
2017-09-17,29.2,19.0,158
2017-09-18,27.6,16.4,152
2017-09-19,25.8,20.1,147
2017-09-20,24.9,14.1,195
2017-09-21,27.0,14.2,148
2017-09-22,26.8,15.4,167
2017-09-23,27.3,17.6,183
2017-09-24,27.9,18.8,163
2017-09-25,30.1,17.4,156
2017-09-26,31.4,19.4,161
2017-09-27,27.3,19.9,164
2017-09-28,25.3,14.2,197
2017-09-29,23.5,11.2,198
2017-09-30,25.9,14.7,148
2017-10-01,21.2,15.5,140
2017-10-02,29.4,15.6,162
2017-10-03,23.6,13.4,92
2017-10-04,24.3,10.7,99
2017-10-05,23.4,13.9,100
2017-10-06,23.3,16.2,97
2017-10-07,28.8,16.9,111
2017-10-08,28.7,19.3,75
2017-10-09,27.6,19.8,132
2017-10-10,24.8,18.6,107
2017-10-11,21.7,12.2,166
2017-10-12,0.0,8.8,145
2017-10-13,18.9,6.1,189
2017-10-14,20.5,9.0,155
2017-10-15,23.0,9.0,148
2017-10-16,22.0,13.6,146
2017-10-17,23.9,9.2,155
2017-10-18,19.1,14.2,151
2017-10-19,23.2,11.9,156
2017-10-20,24.2,11.1,176
2017-10-21,25.2,11.0,254
2017-10-22,23.5,11.0,151
2017-10-23,20.6,8.6,163
2017-10-24,20.9,9.9,191
2017-10-25,20.6,9.5,181
2017-10-26,18.1,10.7,158
2017-10-27,24.2,11.9,191
2017-10-28,24.8,10.6,202
2017-10-29,17.2,6.3,157
2017-10-30,13.2,2.5,171
2017-10-31,16.0,3.6,156
2017-11-01,18.1,11.5,166
2017-11-02,18.0,14.0,134
2017-11-03,16.6,6.1,180
2017-11-04,13.7,4.5,199
2017-11-05,15.4,2.6,117
2017-11-06,16.5,8.0,168
2017-11-07,18.4,9.2,141
2017-11-08,17.2,6.9,142
2017-11-09,16.8,3.7,126
2017-11-10,15.9,5.3,159
2017-11-11,10.7,2.7,198
2017-11-12,11.4,0.3,133
2017-11-13,11.8,3.1,153
2017-11-14,11.4,2.9,135
2017-11-15,6.5,-1.1,169
2017-11-16,6.4,-3.4,152
2017-11-17,5.8,-1.6,182
2017-11-18,2.6,-4.8,189
2017-11-19,3.5,-6.6,117
2017-11-20,4.2,-3.9,161
2017-11-21,8.1,-4.2,119
2017-11-22,10.8,0.6,156
2017-11-23,4.7,-2.5,119
2017-11-24,2.9,-2.5,172
2017-11-25,7.3,-3.3,219
2017-11-26,7.6,-0.3,125
2017-11-27,9.5,-2.9,140
2017-11-28,11.2,1.3,107
2017-11-29,8.1,-1.8,194
2017-11-30,2.7,-5.2,156
2017-12-01,3.1,-7.6,1
2017-12-02,8.1,-4.6,1
2017-12-03,8.1,3.1,1
2017-12-04,4.5,-6.1,4
2017-12-05,-0.4,-8.2,0
2017-12-06,6.0,-4.5,0
2017-12-07,4.6,-3.5,2
2017-12-08,-0.5,-7.1,0
2017-12-09,5.4,-5.6,1
2017-12-10,6.7,-2.5,1
2017-12-11,-2.5,-11.0,0
2017-12-12,-5.2,-12.3,1
2017-12-13,-4.4,-12.0,1
2017-12-14,-1.9,-11.2,2
2017-12-15,0.9,-7.5,1
2017-12-16,-2.6,-8.1,1
2017-12-17,-2.3,-10.8,1
2017-12-18,3.3,-5.9,2
2017-12-19,-1.0,-6.5,1
2017-12-20,-0.1,-8.5,0
2017-12-21,4.6,-5.6,0
2017-12-22,6.6,-1.9,2
2017-12-23,8.7,5.0,1
2017-12-24,5.7,-0.6,0
2017-12-25,0.6,-4.9,0
2017-12-26,-1.1,-7.9,0
2017-12-27,-2.6,-10.3,4
2017-12-28,0.8,-6.8,1
2017-12-29,6.0,-0.4,1
2017-12-30,4.5,-1.2,0
2017-12-31,3.3,-3.2,0
2018-01-01,3.8,-5.1,101
2018-01-02,1.8,-4.3,91
2018-01-03,-0.4,-7.1,100
2018-01-04,-0.7,-8.7,99
2018-01-05,1.6,-5.6,134
2018-01-06,2.9,-6.8,156
2018-01-07,2.8,-5.7,75
2018-01-08,4.0,-1.2,119
2018-01-09,-1.2,-6.1,139
2018-01-10,-4.8,-10.3,200
2018-01-11,-7.4,-13.6,182
2018-01-12,-5.4,-15.3,227
2018-01-13,-1.2,-6.6,209
2018-01-14,5.4,-4.4,146
2018-01-15,7.7,1.8,156
2018-01-16,6.8,0.1,142
2018-01-17,8.7,2.4,187
2018-01-18,4.5,0.3,133
2018-01-19,5.5,-2.5,171
2018-01-20,6.9,-1.0,159
2018-01-21,5.5,-3.7,115
2018-01-22,4.0,-5.3,124
2018-01-23,-5.3,-14.6,144
2018-01-24,-10.7,-16.3,148
2018-01-25,-9.5,-16.4,148
2018-01-26,-10.7,-17.8,158
2018-01-27,-3.5,-15.9,123
2018-01-28,-1.2,-9.3,111
2018-01-29,-4.7,-11.6,142
2018-01-30,-0.8,-11.4,213
2018-01-31,0.0,-5.2,168
2018-02-01,1.2,-8.8,188
2018-02-02,3.8,-7.6,191
2018-02-03,-2.1,-10.4,247
2018-02-04,-5.2,-12.8,187
2018-02-05,-5.1,-11.8,155
2018-02-06,-5.8,-12.8,184
2018-02-07,-1.6,-13.4,193
2018-02-08,2.0,-9.7,209
2018-02-09,6.1,-5.3,199
2018-02-10,3.2,-6.9,132
2018-02-11,-2.2,-9.5,115
2018-02-12,-1.8,-9.6,175
2018-02-13,4.3,-7.4,193
2018-02-14,8.7,-0.7,195
2018-02-15,4.0,-3.7,112
2018-02-16,4.9,-5.5,98
2018-02-17,1.4,-7.1,55
2018-02-18,5.2,-4.9,63
2018-02-19,6.8,-1.9,125
2018-02-20,5.5,-2.4,141
2018-02-21,4.4,-4.5,111
2018-02-22,5.4,-3.9,118
2018-02-23,8.6,-0.3,175
2018-02-24,7.2,-1.1,112
2018-02-25,7.9,-1.6,110
2018-02-26,10.4,-3.2,134
2018-02-27,6.9,0.6,121
2018-02-28,7.8,1.8,168
2018-03-01,3.0,-4.3,152
2018-03-02,5.4,-6.7,154
2018-03-03,16.2,-0.1,137
2018-03-04,11.9,7.6,163
2018-03-05,11.4,1.3,139
2018-03-06,10.9,-1.1,128
2018-03-07,10.7,2.2,138
2018-03-08,9.7,2.7,119
2018-03-09,9.6,1.4,119
2018-03-10,9.7,0.7,179
2018-03-11,12.2,2.7,102
2018-03-12,15.5,2.2,117
2018-03-13,18.8,5.2,116
2018-03-14,22.1,13.6,92
2018-03-15,16.6,8.4,141
2018-03-16,12.2,3.6,165
2018-03-17,14.0,0.5,184
2018-03-18,12.5,5.4,131
2018-03-19,10.4,6.2,115
2018-03-20,9.1,1.6,124
2018-03-21,5.3,1.1,113
2018-03-22,11.6,0.6,149
2018-03-23,12.5,1.8,142
2018-03-24,13.1,4.0,140
2018-03-25,16.9,4.6,153
2018-03-26,18.1,5.3,133
2018-03-27,20.0,7.7,137
2018-03-28,19.0,9.4,146
2018-03-29,21.1,11.8,165
2018-03-30,21.9,9.8,155
2018-03-31,20.1,9.3,168
2018-04-01,18.5,11.7,105
2018-04-02,23.7,14.9,160
2018-04-03,21.2,14.9,171
2018-04-04,18.2,9.5,122
2018-04-05,9.5,6.7,171
2018-04-06,8.6,3.0,165
2018-04-07,8.6,1.4,195
2018-04-08,7.9,0.6,139
2018-04-09,15.4,0.1,146
2018-04-10,21.9,6.9,137
2018-04-11,17.3,8.7,102
2018-04-12,19.6,6.8,154
2018-04-13,19.3,8.3,149
2018-04-14,14.8,7.5,135
2018-04-15,14.2,5.6,92
2018-04-16,18.8,4.9,152
2018-04-17,20.1,6.8,176
2018-04-18,19.3,6.2,165
2018-04-19,20.5,7.4,147
2018-04-20,26.3,11.0,158
2018-04-21,25.6,12.3,216
2018-04-22,21.0,10.7,142
2018-04-23,10.7,8.4,133
2018-04-24,16.1,8.9,142
2018-04-25,23.3,5.7,170
2018-04-26,22.1,10.0,136
2018-04-27,23.3,9.7,157
2018-04-28,21.7,10.5,139
2018-04-29,22.9,9.4,94
2018-04-30,25.0,14.1,129
2018-05-01,23.3,17.8,153
2018-05-02,19.7,8.7,148
2018-05-03,14.7,6.9,186
2018-05-04,20.0,8.8,149
2018-05-05,24.6,11.6,145
2018-05-06,20.7,15.0,123
2018-05-07,25.5,14.0,108
2018-05-08,22.9,11.6,148
2018-05-09,21.8,9.2,163
2018-05-10,21.4,11.3,171
2018-05-11,21.3,11.9,182
2018-05-12,16.1,11.8,156
2018-05-13,20.0,12.7,157
2018-05-14,24.5,11.9,137
2018-05-15,29.3,15.4,122
2018-05-16,24.4,21.8,137
2018-05-17,23.5,18.8,196
2018-05-18,19.3,12.2,179
2018-05-19,24.7,10.3,186
2018-05-20,22.6,11.5,150
2018-05-21,23.7,11.3,169
2018-05-22,23.2,15.4,157
2018-05-23,23.3,13.6,173
2018-05-24,23.7,11.2,139
2018-05-25,26.2,13.8,148
2018-05-26,29.6,14.0,177
2018-05-27,24.7,17.3,127
2018-05-28,29.1,16.2,126
2018-05-29,25.9,19.1,168
2018-05-30,24.7,15.8,146
2018-05-31,27.6,14.2,191
2018-06-01,30.2,17.5,160
2018-06-02,30.1,17.6,189
2018-06-03,30.8,16.9,133
2018-06-04,27.5,18.9,152
2018-06-05,29.2,17.7,151
2018-06-06,27.9,18.4,156
2018-06-07,29.4,17.8,119
2018-06-08,27.0,18.5,175
2018-06-09,30.1,18.9,196
2018-06-10,24.9,18.3,148
2018-06-11,23.9,18.0,141
2018-06-12,27.1,16.6,131
2018-06-13,27.0,18.3,113
2018-06-14,25.1,18.8,161
2018-06-15,27.0,17.2,155
2018-06-16,28.7,16.3,170
2018-06-17,27.5,18.9,85
2018-06-18,30.8,19.9,150
2018-06-19,27.2,19.1,140
2018-06-20,28.4,19.1,129
2018-06-21,28.7,19.4,157
2018-06-22,32.0,18.2,208
2018-06-23,28.9,20.9,162
2018-06-24,32.1,20.1,121
2018-06-25,32.9,21.3,154
2018-06-26,26.9,20.2,168
2018-06-27,25.5,19.1,113
2018-06-28,27.3,20.6,172
2018-06-29,29.1,21.9,138
2018-06-30,27.9,21.6,126
2018-07-01,22.8,21.0,142
2018-07-02,25.3,20.6,145
2018-07-03,32.6,22.5,125
2018-07-04,31.8,24.0,148
2018-07-05,29.0,23.4,135
2018-07-06,27.1,21.5,137
2018-07-07,29.2,19.5,170
2018-07-08,28.1,17.7,90
2018-07-09,24.2,20.1,130
2018-07-10,26.5,20.4,121
2018-07-11,29.5,24.4,119
2018-07-12,28.2,25.1,167
2018-07-13,30.9,24.7,139
2018-07-14,31.9,24.6,147
2018-07-15,33.2,24.5,139
2018-07-16,34.0,24.0,180
2018-07-17,32.1,23.9,158
2018-07-18,33.2,23.7,140
2018-07-19,34.1,23.2,146
2018-07-20,34.7,24.6,204
2018-07-21,36.9,24.9,165
2018-07-22,38.0,25.3,139
2018-07-23,35.7,29.2,138
2018-07-24,36.8,27.2,179
2018-07-25,34.1,27.7,159
2018-07-26,33.7,27.3,143
2018-07-27,35.4,27.2,215
2018-07-28,35.2,28.0,150
2018-07-29,36.7,26.4,133
2018-07-30,36.9,26.2,171
2018-07-31,38.3,27.8,143
2018-08-01,39.6,27.8,163
2018-08-02,37.9,30.3,157
2018-08-03,37.9,30.0,141
2018-08-04,34.9,28.0,133
2018-08-05,33.9,27.2,116
2018-08-06,35.3,28.3,108
2018-08-07,35.9,26.8,108
2018-08-08,35.3,27.6,134
2018-08-09,32.5,27.1,182
2018-08-10,36.8,25.7,132
2018-08-11,36.0,26.4,128
2018-08-12,35.3,27.2,143
2018-08-13,34.4,26.7,123
2018-08-14,37.2,27.7,164
2018-08-15,38.0,28.3,157
2018-08-16,35.6,24.1,152
2018-08-17,33.8,21.7,188
2018-08-18,32.1,21.5,164
2018-08-19,34.4,23.0,147
2018-08-20,33.3,25.1,141
2018-08-21,31.0,23.4,150
2018-08-22,37.6,23.4,171
2018-08-23,32.2,25.7,155
2018-08-24,26.3,23.2,132
2018-08-25,29.3,22.7,200
2018-08-26,29.0,20.3,108
2018-08-27,24.9,20.2,155
2018-08-28,26.1,22.5,181
2018-08-29,27.4,22.7,144
2018-08-30,28.2,23.9,111
2018-08-31,30.3,22.8,167
2018-09-01,30.9,20.8,156
2018-09-02,29.6,20.1,126
2018-09-03,25.8,21.4,126
2018-09-04,27.8,20.0,136
2018-09-05,28.5,19.6,176
2018-09-06,28.2,20.9,124
2018-09-07,25.5,19.1,152
2018-09-08,27.7,15.9,172
2018-09-09,28.9,15.6,131
2018-09-10,28.4,18.6,181
2018-09-11,26.1,16.8,149
2018-09-12,28.2,16.8,156
2018-09-13,28.3,20.3,147
2018-09-14,26.8,20.3,159
2018-09-15,26.0,21.0,179
2018-09-16,23.9,21.0,123
2018-09-17,27.7,18.5,145
2018-09-18,26.5,17.7,149
2018-09-19,26.6,18.9,184
2018-09-20,20.1,17.8,191
2018-09-21,21.9,17.6,164
2018-09-22,25.5,17.2,171
2018-09-23,25.3,15.6,80
2018-09-24,22.1,14.2,105
2018-09-25,24.3,10.8,99
2018-09-26,24.8,16.2,83
2018-09-27,25.0,13.2,122
2018-09-28,22.2,14.3,152
2018-09-29,27.0,14.6,190
2018-09-30,21.6,14.0,127
2018-10-01,19.7,13.0,125
2018-10-02,22.0,10.3,159
2018-10-03,24.2,11.2,128
2018-10-04,25.6,13.0,171
2018-10-05,19.0,15.7,236
2018-10-06,21.7,16.3,188
2018-10-07,21.1,12.3,137
2018-10-08,20.9,9.2,159
2018-10-09,19.8,10.7,128
2018-10-10,16.7,7.9,113
2018-10-11,13.9,6.1,150
2018-10-12,17.4,5.2,156
2018-10-13,19.8,6.1,161
2018-10-14,20.3,6.8,146
2018-10-15,21.0,10.9,122
2018-10-16,20.3,9.9,120
2018-10-17,18.6,8.4,134
2018-10-18,19.0,7.5,160
2018-10-19,20.4,7.2,164
2018-10-20,21.4,6.9,219
2018-10-21,21.1,7.2,142
2018-10-22,20.6,8.8,121
2018-10-23,16.9,9.8,131
2018-10-24,18.7,7.6,170
2018-10-25,21.2,7.0,155
2018-10-26,14.7,9.9,158
2018-10-27,11.6,6.2,196
2018-10-28,13.5,5.2,137
2018-10-29,11.7,3.4,141
2018-10-30,11.6,0.7,180
2018-10-31,12.6,3.0,166
2018-11-01,15.2,2.5,148
2018-11-02,19.0,4.0,157
2018-11-03,19.1,5.0,171
2018-11-04,19.4,5.3,127
2018-11-05,18.3,6.6,137
2018-11-06,17.5,8.0,121
2018-11-07,15.7,10.3,157
2018-11-08,14.7,10.5,204
2018-11-09,15.4,9.5,176
2018-11-10,17.1,8.8,170
2018-11-11,10.9,5.4,148
2018-11-12,15.1,3.1,119
2018-11-13,15.4,4.1,177
2018-11-14,16.6,4.8,150
2018-11-15,16.2,4.7,134
2018-11-16,14.5,4.2,175
2018-11-17,11.4,0.6,215
2018-11-18,10.7,1.9,106
2018-11-19,11.3,3.3,125
2018-11-20,12.7,0.0,152
2018-11-21,8.2,3.1,131
2018-11-22,7.1,-1.3,139
2018-11-23,7.6,-3.1,156
2018-11-24,3.8,0.3,181
2018-11-25,9.8,1.3,132
2018-11-26,13.6,1.6,117
2018-11-27,12.5,3.1,118
2018-11-28,11.1,2.1,146
2018-11-29,6.7,0.6,157
2018-11-30,8.0,-1.5,183
2018-12-01,12.4,0.8,2
2018-12-02,11.8,2.8,0
2018-12-03,13.5,9.3,0
2018-12-04,11.8,-0.3,1
2018-12-05,3.4,-4.3,0
2018-12-06,6.8,-1.0,2
2018-12-07,-1.1,-9.6,0
2018-12-08,-4.4,-11.4,2
2018-12-09,-2.1,-11.8,0
2018-12-10,4.6,-8.1,0
2018-12-11,2.9,-2.4,2
2018-12-12,2.4,-5.0,0
2018-12-13,2.1,-5.9,1
2018-12-14,0.6,-7.8,0
2018-12-15,3.2,-7.8,2
2018-12-16,2.1,-2.6,0
2018-12-17,5.9,-1.5,0
2018-12-18,7.4,-2.8,2
2018-12-19,9.5,1.3,0
2018-12-20,10.4,-1.1,1
2018-12-21,9.8,0.4,1
2018-12-22,12.4,2.9,0
2018-12-23,7.5,-3.4,1
2018-12-24,3.1,-5.9,2
2018-12-25,5.2,-4.0,1
2018-12-26,3.0,-7.1,0
2018-12-27,-6.5,-12.5,0
2018-12-28,-6.6,-14.4,0
2018-12-29,-3.0,-10.5,1
2018-12-30,-0.9,-11.3,2
2018-12-31,-0.5,-10.5,1
2019-01-01,-0.6,-8.2,94
2019-01-02,0.2,-8.8,135
2019-01-03,3.2,-8.4,136
2019-01-04,4.1,-6.2,134
2019-01-05,1.1,-5.5,149
2019-01-06,2.7,-6.3,76
2019-01-07,3.1,-6.2,131
2019-01-08,0.5,-7.2,164
2019-01-09,1.3,-9.4,139
2019-01-10,3.0,-4.5,135
2019-01-11,7.2,-0.4,146
2019-01-12,8.0,-0.6,144
2019-01-13,7.6,-3.0,101
2019-01-14,5.3,-2.4,128
2019-01-15,2.6,-7.2,143
2019-01-16,-1.1,-10.1,135
2019-01-17,4.0,-3.2,127
2019-01-18,6.7,-4.6,144
2019-01-19,8.5,0.0,151
2019-01-20,4.0,-5.5,128
2019-01-21,4.2,-6.7,114
2019-01-22,7.1,-3.3,140
2019-01-23,7.0,-0.8,129
2019-01-24,6.5,-4.6,149
2019-01-25,2.6,-3.8,173
2019-01-26,2.4,-6.5,132
2019-01-27,5.1,-6.6,91
2019-01-28,4.5,-2.4,154
2019-01-29,7.0,-5.6,131
2019-01-30,6.6,-2.8,155
2019-01-31,2.3,-6.2,151
2019-02-01,2.8,-7.4,153
2019-02-02,6.1,-3.2,91
2019-02-03,4.9,2.0,128
2019-02-04,3.0,-3.3,74
2019-02-05,10.1,-3.6,54
2019-02-06,9.3,0.1,71
2019-02-07,6.3,-8.2,117
2019-02-08,-1.3,-10.2,122
2019-02-09,-1.9,-8.6,92
2019-02-10,-1.9,-9.1,94
2019-02-11,2.0,-7.5,108
2019-02-12,3.7,-4.1,122
2019-02-13,2.5,-5.7,146
2019-02-14,6.3,-5.9,150
2019-02-15,0.9,-2.9,166
2019-02-16,1.5,-5.1,157
2019-02-17,4.6,-6.8,148
2019-02-18,5.9,-4.7,124
2019-02-19,3.0,0.2,101
2019-02-20,4.5,-0.1,115
2019-02-21,9.0,-2.6,136
2019-02-22,10.8,-1.6,175
2019-02-23,14.5,0.5,161
2019-02-24,13.7,1.2,112
2019-02-25,10.2,1.3,133
2019-02-26,12.0,-1.5,114
2019-02-27,14.0,4.7,88
2019-02-28,12.8,2.0,129
2019-03-01,13.0,1.2,118
2019-03-02,14.7,1.3,118
2019-03-03,16.1,2.5,101
2019-03-04,16.3,5.0,98
2019-03-05,12.9,5.6,97
2019-03-06,12.4,5.7,128
2019-03-07,12.7,3.1,144
2019-03-08,13.4,0.6,169
2019-03-09,14.9,-0.4,164
2019-03-10,15.3,6.7,97
2019-03-11,10.0,3.5,123
2019-03-12,7.9,-0.3,139
2019-03-13,8.5,-0.4,150
2019-03-14,10.0,-1.7,131
2019-03-15,11.3,1.6,187
2019-03-16,9.2,0.2,145
2019-03-17,12.4,2.6,120
2019-03-18,14.4,1.4,132
2019-03-19,16.7,3.4,138
2019-03-20,14.6,7.1,179
2019-03-21,11.1,1.9,148
2019-03-22,8.3,-0.7,125
2019-03-23,8.2,-0.4,186
2019-03-24,9.7,-0.8,153
2019-03-25,11.5,2.9,133
2019-03-26,17.6,7.4,132
2019-03-27,16.2,8.9,99
2019-03-28,14.6,5.6,144
2019-03-29,15.1,5.5,167
2019-03-30,8.4,3.5,172
2019-03-31,8.4,2.6,108
2019-04-01,11.3,0.3,169
2019-04-02,13.0,1.3,152
2019-04-03,13.6,1.9,138
2019-04-04,15.7,3.0,151
2019-04-05,17.2,7.0,174
2019-04-06,12.2,5.9,160
2019-04-07,20.3,5.6,152
2019-04-08,17.2,7.6,136
2019-04-09,13.9,4.7,172
2019-04-10,10.2,4.7,169
2019-04-11,15.7,4.3,163
2019-04-12,18.4,5.5,138
2019-04-13,17.9,6.2,188
2019-04-14,13.6,6.9,107
2019-04-15,18.1,3.9,136
2019-04-16,22.6,6.8,159
2019-04-17,21.8,9.1,141
2019-04-18,16.2,10.4,117
2019-04-19,19.7,9.6,173
2019-04-20,19.1,9.7,133
2019-04-21,20.2,12.2,180
2019-04-22,28.2,10.7,140
2019-04-23,25.5,15.3,137
2019-04-24,25.9,15.8,152
2019-04-25,17.2,9.4,163
2019-04-26,9.9,6.2,170
2019-04-27,18.2,4.1,144
2019-04-28,16.6,9.9,130
2019-04-29,17.3,8.3,111
2019-04-30,22.5,9.0,159
2019-05-01,22.2,11.2,125
2019-05-02,25.3,10.6,170
2019-05-03,26.1,10.1,153
2019-05-04,27.4,12.0,143
2019-05-05,26.5,13.6,136
2019-05-06,19.8,9.8,120
2019-05-07,21.9,8.4,148
2019-05-08,21.3,10.1,164
2019-05-09,22.9,11.7,157
2019-05-10,26.8,10.3,193
2019-05-11,28.3,13.2,221
2019-05-12,28.9,14.7,150
2019-05-13,22.8,15.5,129
2019-05-14,26.9,12.9,156
2019-05-15,28.0,14.8,125
2019-05-16,30.0,16.7,186
2019-05-17,28.3,17.6,141
2019-05-18,25.9,19.1,173
2019-05-19,21.6,17.9,170
2019-05-20,20.2,13.0,127
2019-05-21,23.8,11.7,164
2019-05-22,26.5,12.3,155
2019-05-23,29.2,15.0,169
2019-05-24,33.4,16.2,212
2019-05-25,28.6,18.4,176
2019-05-26,31.1,18.6,107
2019-05-27,22.3,14.3,161
2019-05-28,24.6,11.9,160
2019-05-29,26.5,13.3,155
2019-05-30,24.5,14.6,165
2019-05-31,23.3,16.1,199
2019-06-01,23.7,14.8,160
2019-06-02,27.8,14.1,139
2019-06-03,29.5,16.0,135
2019-06-04,29.0,17.6,147
2019-06-05,29.6,17.8,172
2019-06-06,25.1,18.6,143
2019-06-07,24.7,17.0,198
2019-06-08,27.6,16.0,135
2019-06-09,26.5,17.1,101
2019-06-10,21.9,15.7,154
2019-06-11,26.1,15.5,136
2019-06-12,26.4,16.1,127
2019-06-13,28.8,16.6,124
2019-06-14,28.4,19.1,171
2019-06-15,27.4,17.9,207
2019-06-16,27.2,16.1,144
2019-06-17,26.2,18.1,146
2019-06-18,24.8,17.0,154
2019-06-19,25.4,18.9,183
2019-06-20,27.8,19.8,153
2019-06-21,26.1,19.4,160
2019-06-22,30.6,17.7,181
2019-06-23,31.0,19.1,131
2019-06-24,30.9,20.9,163
2019-06-25,32.8,19.5,179
2019-06-26,29.5,20.7,127
2019-06-27,31.2,21.9,150
2019-06-28,29.0,22.3,168
2019-06-29,27.7,19.6,172
2019-06-30,28.5,20.9,102
2019-07-01,28.9,20.6,146
2019-07-02,30.1,20.8,132
2019-07-03,27.4,21.2,144
2019-07-04,32.8,20.0,156
2019-07-05,35.0,20.2,156
2019-07-06,36.1,24.6,159
2019-07-07,32.5,22.7,127
2019-07-08,31.0,21.2,163
2019-07-09,30.0,19.7,139
2019-07-10,27.3,19.3,167
2019-07-11,25.9,19.5,170
2019-07-12,28.7,20.0,161
2019-07-13,29.7,22.1,126
2019-07-14,31.6,21.2,110
2019-07-15,27.4,22.1,129
2019-07-16,28.8,21.4,123
2019-07-17,29.2,22.3,136
2019-07-18,32.1,23.3,109
2019-07-19,35.0,22.8,162
2019-07-20,31.9,25.1,139
2019-07-21,27.0,24.2,107
2019-07-22,31.0,24.2,195
2019-07-23,32.9,24.4,139
2019-07-24,27.2,25.2,164
2019-07-25,27.4,25.6,161
2019-07-26,25.9,23.7,146
2019-07-27,33.4,24.9,153
2019-07-28,28.2,25.0,116
2019-07-29,30.0,25.6,121
2019-07-30,30.8,26.3,140
2019-07-31,27.5,24.0,165
2019-08-01,30.1,23.5,161
2019-08-02,33.1,24.7,165
2019-08-03,36.0,25.6,127
2019-08-04,34.4,25.0,138
2019-08-05,35.9,25.6,132
2019-08-06,36.8,27.9,154
2019-08-07,30.3,23.9,144
2019-08-08,32.7,25.9,153
2019-08-09,34.6,26.0,196
2019-08-10,36.5,26.6,171
2019-08-11,35.7,26.3,134
2019-08-12,28.5,24.8,156
2019-08-13,35.3,25.1,143
2019-08-14,35.7,25.9,189
2019-08-15,28.6,23.9,119
2019-08-16,29.5,23.0,147
2019-08-17,28.8,23.4,167
2019-08-18,30.7,22.6,92
2019-08-19,31.3,21.2,149
2019-08-20,32.8,23.2,136
2019-08-21,30.4,24.4,167
2019-08-22,31.4,23.0,172
2019-08-23,30.5,22.7,165
2019-08-24,27.3,21.5,188
2019-08-25,29.9,20.2,131
2019-08-26,32.1,21.5,153
2019-08-27,29.3,22.2,152
2019-08-28,30.2,23.6,143
2019-08-29,26.4,20.1,160
2019-08-30,27.0,19.5,179
2019-08-31,28.9,18.5,204
2019-09-01,27.8,19.2,133
2019-09-02,29.7,19.4,185
2019-09-03,28.0,22.0,156
2019-09-04,25.5,21.2,139
2019-09-05,27.6,21.5,153
2019-09-06,29.1,21.6,182
2019-09-07,29.5,22.6,126
2019-09-08,27.3,22.9,112
2019-09-09,28.0,22.4,182
2019-09-10,26.5,22.1,217
2019-09-11,28.7,20.4,185
2019-09-12,22.9,18.7,111
2019-09-13,29.3,18.3,127
2019-09-14,24.1,20.8,103
2019-09-15,30.0,19.5,110
2019-09-16,30.5,20.7,120
2019-09-17,29.0,18.0,153
2019-09-18,25.4,16.0,165
2019-09-19,26.0,13.6,137
2019-09-20,24.2,15.8,158
2019-09-21,22.1,18.3,168
2019-09-22,19.6,17.3,147
2019-09-23,24.6,16.9,152
2019-09-24,26.5,13.9,139
2019-09-25,27.4,14.8,160
2019-09-26,29.0,17.7,144
2019-09-27,27.0,19.6,188
2019-09-28,29.2,19.4,189
2019-09-29,28.6,17.9,164
2019-09-30,29.9,16.4,170
2019-10-01,28.2,17.6,149
2019-10-02,24.2,20.0,193
2019-10-03,27.3,19.8,152
2019-10-04,27.8,18.0,167
2019-10-05,21.9,14.7,185
2019-10-06,22.7,13.2,126
2019-10-07,17.9,13.3,152
2019-10-08,19.8,10.6,200
2019-10-09,20.4,7.7,137
2019-10-10,19.8,10.7,130
2019-10-11,26.1,13.0,180
2019-10-12,23.3,13.3,217
2019-10-13,23.8,12.1,121
2019-10-14,19.6,9.5,163
2019-10-15,20.4,8.8,195
2019-10-16,20.8,9.0,138
2019-10-17,21.6,11.2,160
2019-10-18,22.7,12.0,199
2019-10-19,23.1,12.1,184
2019-10-20,22.9,12.0,139
2019-10-21,24.6,10.9,142
2019-10-22,24.4,13.3,173
2019-10-23,20.7,14.3,185
2019-10-24,23.8,15.3,171
2019-10-25,22.0,13.1,208
2019-10-26,14.9,6.6,141
2019-10-27,17.4,4.7,162
2019-10-28,17.7,7.4,146
2019-10-29,17.6,8.2,154
2019-10-30,17.7,5.0,183
2019-10-31,19.7,8.4,132
2019-11-01,20.5,11.4,175
2019-11-02,18.7,8.3,216
2019-11-03,22.1,9.4,127
2019-11-04,20.3,9.2,163
2019-11-05,18.4,8.4,147
2019-11-06,16.5,6.3,131
2019-11-07,13.6,5.0,155
2019-11-08,13.0,1.1,159
2019-11-09,17.2,3.5,153
2019-11-10,15.3,6.2,171
2019-11-11,15.1,7.9,154
2019-11-12,14.5,4.8,162
2019-11-13,11.3,3.0,153
2019-11-14,5.0,-2.5,171
2019-11-15,7.6,1.4,244
2019-11-16,12.7,3.8,175
2019-11-17,10.5,5.6,140
2019-11-18,12.7,0.4,212
2019-11-19,4.0,-3.5,193
2019-11-20,6.3,-4.6,165
2019-11-21,9.0,-2.3,163
2019-11-22,17.3,3.0,153
2019-11-23,17.7,7.7,180
2019-11-24,15.6,4.6,117
2019-11-25,6.0,-1.2,137
2019-11-26,13.7,1.2,160
2019-11-27,6.8,0.3,145
2019-11-28,10.4,-0.6,137
2019-11-29,6.9,-3.4,175
2019-11-30,9.3,-1.4,214
2019-12-01,6.2,2.3,2
2019-12-02,2.8,-3.2,0
2019-12-03,4.2,-5.0,3
2019-12-04,7.2,-2.0,1
2019-12-05,-0.2,-8.5,0
2019-12-06,-1.0,-10.6,0
2019-12-07,1.2,-5.5,1
2019-12-08,4.9,-5.5,1
2019-12-09,8.0,-1.3,1
2019-12-10,10.8,6.0,1
2019-12-11,9.8,0.1,0
2019-12-12,3.4,-3.5,3
2019-12-13,5.9,-3.7,0
2019-12-14,6.4,-0.1,2
2019-12-15,11.0,0.4,0
2019-12-16,12.9,2.1,2
2019-12-17,10.2,3.2,1
2019-12-18,5.2,-1.7,0
2019-12-19,3.1,-4.5,0
2019-12-20,2.0,-3.5,1
2019-12-21,1.5,-5.1,0
2019-12-22,8.4,0.3,1
2019-12-23,5.2,0.3,0
2019-12-24,6.5,-2.9,0
2019-12-25,6.6,-2.7,0
2019-12-26,4.1,-2.4,1
2019-12-27,2.6,-4.6,0
2019-12-28,6.1,-3.6,0
2019-12-29,6.2,1.1,1
2019-12-30,6.8,-5.7,1
2019-12-31,-4.5,-10.9,2
2020-01-01,0.3,-6.5,90
2020-01-02,3.8,-0.7,152
2020-01-03,4.6,-3.4,114
2020-01-04,6.1,-2.8,98
2020-01-05,6.6,-3.2,112
2020-01-06,4.6,0.6,149
2020-01-07,7.7,4.2,162
2020-01-08,8.9,-0.4,135
2020-01-09,2.0,-3.1,139
2020-01-10,4.2,-4.3,126
2020-01-11,3.9,-2.6,127
2020-01-12,2.8,-3.5,93
2020-01-13,0.2,-4.7,141
2020-01-14,2.6,-5.7,128
2020-01-15,2.2,-6.4,145
2020-01-16,3.2,-5.5,139
2020-01-17,4.9,-4.8,150
2020-01-18,5.9,-4.1,142
2020-01-19,5.3,-0.4,138
2020-01-20,5.5,-3.3,140
2020-01-21,5.5,-5.6,187
2020-01-22,7.8,-0.1,164
2020-01-23,9.9,0.0,132
2020-01-24,7.4,-1.3,90
2020-01-25,8.8,0.6,133
2020-01-26,11.9,-0.2,89
2020-01-27,7.5,4.8,81
2020-01-28,9.9,4.3,103
2020-01-29,9.6,3.2,117
2020-01-30,10.4,1.4,125
2020-01-31,8.9,1.4,121
2020-02-01,7.6,-1.2,101
2020-02-02,5.3,-2.1,68
2020-02-03,3.0,-2.9,154
2020-02-04,3.9,-6.0,135
2020-02-05,-4.9,-11.0,162
2020-02-06,0.4,-11.8,153
2020-02-07,2.2,-7.2,190
2020-02-08,3.7,-2.3,146
2020-02-09,4.1,-5.6,133
2020-02-10,9.6,-0.7,131
2020-02-11,14.6,-0.5,139
2020-02-12,8.2,6.5,126
2020-02-13,8.7,4.9,151
2020-02-14,14.7,3.2,149
2020-02-15,15.6,6.2,129
2020-02-16,7.7,-4.3,142
2020-02-17,-3.9,-7.1,164
2020-02-18,1.3,-8.3,216
2020-02-19,6.4,-4.4,194
2020-02-20,10.8,-0.6,212
2020-02-21,10.9,2.1,146
2020-02-22,7.9,0.0,117
2020-02-23,8.0,-2.5,89
2020-02-24,12.2,0.8,135
2020-02-25,9.4,4.7,98
2020-02-26,10.4,2.8,112
2020-02-27,12.5,1.3,94
2020-02-28,5.9,3.6,111
2020-02-29,13.0,4.5,103
2020-03-01,10.1,3.2,64
2020-03-02,7.6,0.0,109
2020-03-03,10.5,0.3,80
2020-03-04,4.6,-1.3,82
2020-03-05,6.3,-2.8,106
2020-03-06,10.1,-2.5,111
2020-03-07,14.2,1.3,87
2020-03-08,16.9,2.3,91
2020-03-09,17.6,4.8,104
2020-03-10,10.8,3.2,128
2020-03-11,8.3,0.0,107
2020-03-12,13.3,0.2,122
2020-03-13,8.7,-0.1,122
2020-03-14,8.6,-2.7,102
2020-03-15,8.5,0.2,67
2020-03-16,9.1,-2.1,116
2020-03-17,12.3,3.1,117
2020-03-18,17.0,2.7,101
2020-03-19,12.1,5.8,97
2020-03-20,14.0,3.1,138
2020-03-21,19.5,7.9,123
2020-03-22,16.5,6.1,103
2020-03-23,17.0,5.4,122
2020-03-24,17.9,5.3,122
2020-03-25,19.2,6.1,124
2020-03-26,20.6,8.1,127
2020-03-27,15.8,6.7,162
2020-03-28,12.8,4.5,113
2020-03-29,16.1,1.3,106
2020-03-30,16.9,4.3,118
2020-03-31,18.6,4.7,135
2020-04-01,17.4,6.0,116
2020-04-02,15.5,3.4,138
2020-04-03,16.3,5.3,136
2020-04-04,13.3,5.0,119
2020-04-05,13.7,1.9,101
2020-04-06,16.1,2.9,132
2020-04-07,16.8,6.0,109
2020-04-08,14.2,5.2,118
2020-04-09,14.7,4.3,146
2020-04-10,16.8,5.8,122
2020-04-11,16.0,6.2,124
2020-04-12,15.6,4.4,87
2020-04-13,20.4,4.3,122
2020-04-14,19.6,7.6,128
2020-04-15,20.2,7.2,118
2020-04-16,23.8,8.9,123
2020-04-17,15.4,10.4,110
2020-04-18,19.6,8.5,115
2020-04-19,15.5,9.5,88
2020-04-20,13.1,7.6,132
2020-04-21,10.4,4.8,109
2020-04-22,8.3,4.1,128
2020-04-23,12.8,2.9,137
2020-04-24,14.3,4.1,142
2020-04-25,17.1,9.9,174
2020-04-26,19.0,6.8,103
2020-04-27,18.3,8.7,155
2020-04-28,19.9,7.8,137
2020-04-29,21.0,9.3,161
2020-04-30,23.4,9.3,111
2020-05-01,26.2,16.4,113
2020-05-02,23.9,18.0,135
2020-05-03,27.4,17.0,90
2020-05-04,25.3,14.8,139
2020-05-05,19.3,13.1,84
2020-05-06,27.6,11.1,175
2020-05-07,26.5,14.9,144
2020-05-08,27.3,14.3,237
2020-05-09,16.8,12.7,150
2020-05-10,16.6,12.8,108
2020-05-11,22.0,12.4,155
2020-05-12,18.9,10.5,135
2020-05-13,21.8,10.2,135
2020-05-14,25.4,12.4,150
2020-05-15,20.2,14.1,174
2020-05-16,20.3,15.0,125
2020-05-17,24.9,14.6,136
2020-05-18,26.8,13.2,157
2020-05-19,17.1,10.1,112
2020-05-20,20.1,9.2,145
2020-05-21,22.9,10.9,141
2020-05-22,22.7,14.8,161
2020-05-23,25.0,16.6,124
2020-05-24,20.2,14.3,105
2020-05-25,21.3,13.7,149
2020-05-26,22.9,12.7,116
2020-05-27,23.9,11.8,130
2020-05-28,23.4,14.2,121
2020-05-29,27.6,14.6,173
2020-05-30,30.0,16.5,175
2020-05-31,28.0,17.6,118
2020-06-01,24.5,16.6,169
2020-06-02,21.8,14.8,123
2020-06-03,28.4,17.6,153
2020-06-04,26.5,19.7,141
2020-06-05,28.7,18.4,166
2020-06-06,30.9,19.2,122
2020-06-07,29.2,19.2,115
2020-06-08,32.0,19.8,165
2020-06-09,32.8,20.3,145
2020-06-10,32.1,22.5,190
2020-06-11,31.6,21.7,141
2020-06-12,27.6,21.6,161
2020-06-13,33.5,20.6,153
2020-06-14,28.8,20.1,117
2020-06-15,28.6,18.2,141
2020-06-16,30.7,20.0,175
2020-06-17,30.3,20.2,128
2020-06-18,27.3,20.3,154
2020-06-19,30.0,21.1,167
2020-06-20,29.7,20.7,145
2020-06-21,32.7,19.5,106
2020-06-22,35.4,21.7,126
2020-06-23,31.0,23.2,180
2020-06-24,26.3,19.9,163
2020-06-25,23.4,20.1,160
2020-06-26,25.7,19.2,146
2020-06-27,29.6,20.4,147
2020-06-28,30.1,21.5,125
2020-06-29,26.5,20.6,132
2020-06-30,23.1,18.4,131
2020-07-01,24.3,18.1,107
2020-07-02,29.8,20.4,130
2020-07-03,30.6,21.6,185
2020-07-04,29.5,20.4,152
2020-07-05,27.6,19.9,106
2020-07-06,30.9,21.8,100
2020-07-07,28.1,22.1,119
2020-07-08,30.4,21.3,128
2020-07-09,32.9,21.8,136
2020-07-10,27.7,22.7,182
2020-07-11,30.2,22.2,160
2020-07-12,26.0,21.7,151
2020-07-13,21.7,17.7,148
2020-07-14,24.3,17.2,168
2020-07-15,28.7,18.9,153
2020-07-16,29.7,20.4,150
2020-07-17,31.6,21.5,150
2020-07-18,31.0,22.8,145
2020-07-19,26.6,20.6,116
2020-07-20,26.6,22.4,141
2020-07-21,30.5,21.4,137
2020-07-22,25.7,22.6,121
2020-07-23,22.6,18.5,174
2020-07-24,26.8,18.7,124
2020-07-25,29.0,22.3,146
2020-07-26,29.6,21.6,105
2020-07-27,25.5,22.9,120
2020-07-28,26.4,22.7,120
2020-07-29,24.9,22.6,176
2020-07-30,28.4,23.4,123
2020-07-31,29.6,22.8,161
2020-08-01,26.9,24.3,126
2020-08-02,26.4,23.5,104
2020-08-03,26.3,23.9,118
2020-08-04,29.4,25.0,148
2020-08-05,29.1,25.5,147
2020-08-06,26.0,22.9,127
2020-08-07,26.1,22.6,152
2020-08-08,26.1,22.7,126
2020-08-09,25.8,23.7,104
2020-08-10,29.5,24.7,102
2020-08-11,27.3,22.4,143
2020-08-12,31.3,23.5,115
2020-08-13,30.3,26.3,132
2020-08-14,28.0,26.5,161
2020-08-15,27.0,25.0,132
2020-08-16,30.8,25.3,155
2020-08-17,32.2,26.1,117
2020-08-18,31.9,24.0,135
2020-08-19,31.4,23.6,148
2020-08-20,31.7,25.0,115
2020-08-21,29.2,25.2,144
2020-08-22,27.6,21.7,103
2020-08-23,29.9,21.5,110
2020-08-24,32.0,23.7,108
2020-08-25,34.5,26.0,158
2020-08-26,34.5,27.0,117
2020-08-27,28.6,25.6,119
2020-08-28,29.7,26.0,149
2020-08-29,29.0,25.5,124
2020-08-30,30.6,24.4,92
2020-08-31,30.0,23.8,136
2020-09-01,29.5,23.8,96
2020-09-02,26.4,22.6,116
2020-09-03,25.6,20.0,116
2020-09-04,27.5,19.9,148
2020-09-05,27.3,19.2,125
2020-09-06,24.4,19.5,89
2020-09-07,20.6,17.5,128
2020-09-08,26.5,20.6,141
2020-09-09,25.3,19.0,109
2020-09-10,27.0,18.8,110
2020-09-11,27.1,19.2,160
2020-09-12,23.2,18.1,132
2020-09-13,26.6,16.7,140
2020-09-14,24.9,17.6,128
2020-09-15,27.7,18.9,111
2020-09-16,24.9,21.3,118
2020-09-17,23.6,20.1,124
2020-09-18,25.8,18.1,159
2020-09-19,26.2,17.6,142
2020-09-20,24.9,15.6,112
2020-09-21,25.3,13.6,139
2020-09-22,25.6,15.5,190
2020-09-23,23.8,15.2,151
2020-09-24,25.4,16.8,159
2020-09-25,25.4,16.6,162
2020-09-26,24.8,14.8,166
2020-09-27,25.8,14.9,116
2020-09-28,26.5,15.7,175
2020-09-29,23.9,15.3,170
2020-09-30,25.7,16.2,124
2020-10-01,23.6,15.6,63
2020-10-02,21.9,16.3,80
2020-10-03,23.2,18.3,77
2020-10-04,21.8,10.6,63
2020-10-05,18.4,8.5,142
2020-10-06,19.7,9.3,149
2020-10-07,22.0,9.9,134
2020-10-08,23.1,12.1,170
2020-10-09,23.3,12.4,143
2020-10-10,21.5,12.3,117
2020-10-11,20.8,12.7,73
2020-10-12,21.3,12.1,141
2020-10-13,18.4,8.6,118
2020-10-14,18.0,8.5,120
2020-10-15,18.5,6.5,150
2020-10-16,15.4,8.6,151
2020-10-17,18.6,8.7,199
2020-10-18,20.2,7.2,100
2020-10-19,21.3,9.8,141
2020-10-20,21.7,9.9,154
2020-10-21,17.3,11.8,108
2020-10-22,18.2,8.4,144
2020-10-23,13.3,5.4,184
2020-10-24,14.0,3.2,169
2020-10-25,18.2,5.4,130
2020-10-26,19.0,8.0,127
2020-10-27,19.4,9.0,157
2020-10-28,18.2,8.6,160
2020-10-29,16.1,5.5,162
2020-10-30,19.6,5.8,162
2020-10-31,18.2,8.5,175
2020-11-01,15.0,11.6,106
2020-11-02,15.6,7.9,153
2020-11-03,8.6,2.7,142
2020-11-04,10.8,0.2,140
2020-11-05,15.9,3.4,143
2020-11-06,17.2,9.9,127
2020-11-07,18.1,12.2,152
2020-11-08,12.4,3.1,128
2020-11-09,8.9,0.7,111
2020-11-10,12.9,3.5,126
2020-11-11,16.5,3.5,144
2020-11-12,17.7,4.6,161
2020-11-13,17.6,8.5,134
2020-11-14,19.3,6.8,163
2020-11-15,14.9,8.2,94
2020-11-16,18.3,7.5,112
2020-11-17,20.0,11.7,135
2020-11-18,18.7,14.8,154
2020-11-19,19.1,6.9,143
2020-11-20,7.0,0.3,162
2020-11-21,12.8,-0.3,146
2020-11-22,9.1,1.5,88
2020-11-23,5.9,-1.5,103
2020-11-24,6.4,0.2,148
2020-11-25,9.5,0.0,110
2020-11-26,10.9,1.9,113
2020-11-27,7.7,0.6,153
2020-11-28,2.8,-2.3,128
2020-11-29,2.6,-3.6,86
2020-11-30,4.3,-3.6,140
2020-12-01,6.7,-3.6,1
2020-12-02,6.1,0.5,1
2020-12-03,4.2,-2.3,2
2020-12-04,4.4,-4.6,0
2020-12-05,6.6,-2.2,0
2020-12-06,9.1,1.2,0
2020-12-07,6.3,-0.7,0
2020-12-08,4.1,-3.5,0
2020-12-09,6.2,-4.1,1
2020-12-10,9.3,3.2,1
2020-12-11,9.4,2.6,0
2020-12-12,6.1,-0.3,2
2020-12-13,2.0,-6.0,0
2020-12-14,-5.0,-9.7,0
2020-12-15,-4.6,-11.1,0
2020-12-16,-3.9,-11.2,0
2020-12-17,0.8,-11.1,0
2020-12-18,1.8,-6.4,1
2020-12-19,-1.2,-9.6,0
2020-12-20,1.1,-8.2,0
2020-12-21,4.7,-6.0,2
2020-12-22,7.2,-2.5,1
2020-12-23,8.5,-0.4,0
2020-12-24,6.1,-2.0,1
2020-12-25,3.5,-4.7,0
2020-12-26,8.0,-2.1,1
2020-12-27,10.0,1.4,0
2020-12-28,11.4,4.2,0
2020-12-29,4.3,-6.2,0
2020-12-30,-6.2,-12.9,2
2020-12-31,-5.0,-12.9,0
